Workbook

Sheet Gap-Analyse
A1: NIS2 GAP-ANALYSE — Zelfbeoordeling t.o.v. de NIS2-vereisten | H1: Instrument · Fase 1 Nulmeting · NIS2 (EU 2022/2555) + NL Cyberbeveiligingswet · v1.0 · mkbtechgids.nl
A2: Gebruik: (1) Beoordeel per vereiste uw Huidige status (kolom E, keuzelijst) · (2) De Volwassenheidsscore (kolom F) wordt automatisch berekend · (3) Bepaal de Gap-prioriteit · (4) Leg bewijs, eigenaar en streefdatum vast · (5) Zie het tabblad Dashboard voor uw compliance-percentage
A3: Bedrijf: | B3: {{BEDRIJFSNAAM}} | E3: Datum: | F3: {{DATUM}} | G3: Indicatieve volwassenheid: Afwezig=0 · In ontwikkeling=1 · Deels=2 · Volledig=3 · N.v.t. (gemotiveerd) telt NIET mee in de score
A4: Nr | B4: NIS2 Artikel | C4: Vereiste | D4: Wat dit inhoudt | E4: Huidige status | F4: Indic. score (0–3) | G4: Gap- prioriteit | H4: Aantoonbaar bewijs | I4: Eigenaar | J4: Streefdatum | K4: Referentie
A5: A · GOVERNANCE & ORGANISATIE
A6: G01 | B6: Art. 20(1) | C6: Bestuurlijke goedkeuring risicobeheer | D6: Het bestuur keurt de cyberbeveiligingsmaatregelen goed en houdt toezicht op de uitvoering ervan. | F6: =IFERROR(IF(E6="N.v.t.","n.v.t.",CHOOSE(MATCH(E6,{"Afwezig","In ontwikkeling","Deels aanwezig","Volledig aanwezig"},0),0,1,2,3)),"") -> 0 | K6: M1 Zelfevaluatie
A7: G02 | B7: Art. 20(2) | C7: Cybersecurity-training bestuur | D7: Bestuursleden volgen periodiek training om cyberrisico's te kunnen beoordelen en beheersen. | F7: =IFERROR(IF(E7="N.v.t.","n.v.t.",CHOOSE(MATCH(E7,{"Afwezig","In ontwikkeling","Deels aanwezig","Volledig aanwezig"},0),0,1,2,3)),"") -> 0 | K7: M6 Medewerkers
A8: G03 | B8: Art. 21(1) | C8: Vastgesteld beveiligingsbeleid | D8: Er is een gedocumenteerd, vastgesteld en jaarlijks herzien informatiebeveiligingsbeleid. | F8: =IFERROR(IF(E8="N.v.t.","n.v.t.",CHOOSE(MATCH(E8,{"Afwezig","In ontwikkeling","Deels aanwezig","Volledig aanwezig"},0),0,1,2,3)),"") -> 0 | K8: M1 / M3
A9: G04 | B9: Art. 21(1) | C9: Aangewezen verantwoordelijke (CISO-rol) | D9: Een persoon of rol is formeel verantwoordelijk voor cyberbeveiliging en NIS2-compliance. | F9: =IFERROR(IF(E9="N.v.t.","n.v.t.",CHOOSE(MATCH(E9,{"Afwezig","In ontwikkeling","Deels aanwezig","Volledig aanwezig"},0),0,1,2,3)),"") -> 0 | K9: M1 Zelfevaluatie
A10: G05 | B10: Art. 21(1) | C10: Risicoanalyse uitgevoerd & onderhouden | D10: Een gedocumenteerde risicoanalyse is uitgevoerd en wordt periodiek geactualiseerd. | F10: =IFERROR(IF(E10="N.v.t.","n.v.t.",CHOOSE(MATCH(E10,{"Afwezig","In ontwikkeling","Deels aanwezig","Volledig aanwezig"},0),0,1,2,3)),"") -> 0 | K10: M2 + R1 Risicoregister
A11: B · RISICOBEHEERMAATREGELEN — Art. 21(2)
A12: G06 | B12: Art. 21(2)(a) | C12: Risicoanalyse & beveiligingsbeleid | D12: Beleid voor risicoanalyse en de beveiliging van informatiesystemen is vastgesteld. | F12: =IFERROR(IF(E12="N.v.t.","n.v.t.",CHOOSE(MATCH(E12,{"Afwezig","In ontwikkeling","Deels aanwezig","Volledig aanwezig"},0),0,1,2,3)),"") -> 0 | K12: M2 + M3
A13: G07 | B13: Art. 21(2)(b) | C13: Incidentafhandeling | D13: Er is een proces voor detectie, afhandeling en evaluatie van beveiligingsincidenten. | F13: =IFERROR(IF(E13="N.v.t.","n.v.t.",CHOOSE(MATCH(E13,{"Afwezig","In ontwikkeling","Deels aanwezig","Volledig aanwezig"},0),0,1,2,3)),"") -> 0 | K13: M3 + R4 Incidentenlog
A14: G08 | B14: Art. 21(2)(c) | C14: Bedrijfscontinuïteit & back-up | D14: Back-upbeheer, noodherstel en crisisbeheer zijn geregeld en getest. | F14: =IFERROR(IF(E14="N.v.t.","n.v.t.",CHOOSE(MATCH(E14,{"Afwezig","In ontwikkeling","Deels aanwezig","Volledig aanwezig"},0),0,1,2,3)),"") -> 0 | K14: M5 Bedrijfscontinuiteit
A15: G09 | B15: Art. 21(2)(d) | C15: Beveiliging toeleveringsketen | D15: Beveiligingseisen aan leveranciers en dienstverleners zijn vastgelegd en beoordeeld. | F15: =IFERROR(IF(E15="N.v.t.","n.v.t.",CHOOSE(MATCH(E15,{"Afwezig","In ontwikkeling","Deels aanwezig","Volledig aanwezig"},0),0,1,2,3)),"") -> 0 | K15: M4 + R3 Leveranciers
A16: G10 | B16: Art. 21(2)(e) | C16: Veilige ontwikkeling & kwetsbaarhedenbeheer | D16: Beveiliging bij aanschaf, ontwikkeling en onderhoud van systemen incl. patch- en kwetsbaarhedenbeheer. | F16: =IFERROR(IF(E16="N.v.t.","n.v.t.",CHOOSE(MATCH(E16,{"Afwezig","In ontwikkeling","Deels aanwezig","Volledig aanwezig"},0),0,1,2,3)),"") -> 0 | K16: M3 Beveiligingsmaatregelen
A17: G11 | B17: Art. 21(2)(f) | C17: Effectiviteitsbeoordeling maatregelen | D17: Procedures om de doeltreffendheid van de risicobeheermaatregelen te beoordelen (audit/test). | F17: =IFERROR(IF(E17="N.v.t.","n.v.t.",CHOOSE(MATCH(E17,{"Afwezig","In ontwikkeling","Deels aanwezig","Volledig aanwezig"},0),0,1,2,3)),"") -> 0 | K17: M8 + R5 Dashboard
A18: G12 | B18: Art. 21(2)(g) | C18: Cyberhygiëne & bewustwording | D18: Basismaatregelen voor cyberhygiëne en periodieke bewustwordingstraining voor medewerkers. | F18: =IFERROR(IF(E18="N.v.t.","n.v.t.",CHOOSE(MATCH(E18,{"Afwezig","In ontwikkeling","Deels aanwezig","Volledig aanwezig"},0),0,1,2,3)),"") -> 0 | K18: M6 + R6 Trainingsregister
A19: G13 | B19: Art. 21(2)(h) | C19: Cryptografie & encryptie | D19: Beleid voor het gebruik van cryptografie en versleuteling van gevoelige gegevens. | F19: =IFERROR(IF(E19="N.v.t.","n.v.t.",CHOOSE(MATCH(E19,{"Afwezig","In ontwikkeling","Deels aanwezig","Volledig aanwezig"},0),0,1,2,3)),"") -> 0 | K19: M3 Beveiligingsmaatregelen
A20: G14 | B20: Art. 21(2)(i) | C20: Personeel, toegang & assetbeheer | D20: Personeelsbeveiliging, toegangscontrole (least privilege) en beheer van bedrijfsmiddelen. | F20: =IFERROR(IF(E20="N.v.t.","n.v.t.",CHOOSE(MATCH(E20,{"Afwezig","In ontwikkeling","Deels aanwezig","Volledig aanwezig"},0),0,1,2,3)),"") -> 0 | K20: M3 + R2 Activainventaris
A21: G15 | B21: Art. 21(2)(j) | C21: MFA & beveiligde communicatie | D21: Multifactorauthenticatie en beveiligde (nood)communicatievoorzieningen zijn geïmplementeerd. | F21: =IFERROR(IF(E21="N.v.t.","n.v.t.",CHOOSE(MATCH(E21,{"Afwezig","In ontwikkeling","Deels aanwezig","Volledig aanwezig"},0),0,1,2,3)),"") -> 0 | K21: M3 Beveiligingsmaatregelen
A22: C · MELDPLICHT & RAPPORTAGE — Art. 23
A23: G16 | B23: Art. 23(4)(a) | C23: Vroegtijdige waarschuwing (24 uur) | D23: Een significant incident wordt binnen 24 uur als vroegtijdige waarschuwing gemeld bij het CSIRT. | F23: =IFERROR(IF(E23="N.v.t.","n.v.t.",CHOOSE(MATCH(E23,{"Afwezig","In ontwikkeling","Deels aanwezig","Volledig aanwezig"},0),0,1,2,3)),"") -> 0 | K23: M3 + R4 Incidentenlog
A24: G17 | B24: Art. 23(4)(b) | C24: Incidentmelding (72 uur) | D24: Binnen 72 uur volgt een volledige incidentmelding met eerste beoordeling en IoC's. | F24: =IFERROR(IF(E24="N.v.t.","n.v.t.",CHOOSE(MATCH(E24,{"Afwezig","In ontwikkeling","Deels aanwezig","Volledig aanwezig"},0),0,1,2,3)),"") -> 0 | K24: M3 + R4 Incidentenlog
A25: G18 | B25: Art. 23(4)(d) | C25: Eindrapport (1 maand) | D25: Binnen één maand wordt een eindverslag met oorzaak, impact en maatregelen ingediend. | F25: =IFERROR(IF(E25="N.v.t.","n.v.t.",CHOOSE(MATCH(E25,{"Afwezig","In ontwikkeling","Deels aanwezig","Volledig aanwezig"},0),0,1,2,3)),"") -> 0 | K25: M3 Beveiligingsmaatregelen
A26: G19 | B26: Art. 23(1) | C26: Meldproces & contactpunt | D26: Een intern meldproces en vast contactpunt richting toezichthouder/CSIRT is ingericht. | F26: =IFERROR(IF(E26="N.v.t.","n.v.t.",CHOOSE(MATCH(E26,{"Afwezig","In ontwikkeling","Deels aanwezig","Volledig aanwezig"},0),0,1,2,3)),"") -> 0 | K26: M1 + M7 Documentatie
A27: D · REGISTRATIE & TOEZICHT
A28: G20 | B28: Art. 3 | C28: Bepaling van toepassing (scope) | D28: Vastgesteld of de organisatie essentieel/belangrijk is en onder NIS2 valt (sector + omvang). | F28: =IFERROR(IF(E28="N.v.t.","n.v.t.",CHOOSE(MATCH(E28,{"Afwezig","In ontwikkeling","Deels aanwezig","Volledig aanwezig"},0),0,1,2,3)),"") -> 0 | K28: M1 Zelfevaluatie
A29: G21 | B29: Art. 27 | C29: Registratie bij toezichthouder | D29: De entiteit is (indien vereist) geregistreerd bij de bevoegde nationale autoriteit. | F29: =IFERROR(IF(E29="N.v.t.","n.v.t.",CHOOSE(MATCH(E29,{"Afwezig","In ontwikkeling","Deels aanwezig","Volledig aanwezig"},0),0,1,2,3)),"") -> 0 | K29: M1 Zelfevaluatie
A30: G22 | B30: Art. 21(1) | C30: Documentatie & auditdossier | D30: Compliance-bewijs is gedocumenteerd en beschikbaar voor de toezichthouder. | F30: =IFERROR(IF(E30="N.v.t.","n.v.t.",CHOOSE(MATCH(E30,{"Afwezig","In ontwikkeling","Deels aanwezig","Volledig aanwezig"},0),0,1,2,3)),"") -> 0 | K30: M7 + R7 Logregister
A31: G23 | B31: Art. 24 | C31: Jaarlijkse review & continue verbetering | D31: Maatregelen en dossier worden jaarlijks geëvalueerd en aantoonbaar verbeterd. | F31: =IFERROR(IF(E31="N.v.t.","n.v.t.",CHOOSE(MATCH(E31,{"Afwezig","In ontwikkeling","Deels aanwezig","Volledig aanwezig"},0),0,1,2,3)),"") -> 0 | K31: M8 Jaarlijkse Review
A32: Disclaimer: dit instrument is een hulpmiddel voor zelfbeoordeling en vormt geen juridisch advies of onafhankelijke (assurance-)audit. Raadpleeg bij twijfel een gekwalificeerd adviseur of de toezichthouder.
A33: MKBTechGids · NIS2 Gap-Analyse v1.0 · 23 vereisten · NIS2 + NL Cyberbeveiligingswet · KVK 27348456 · BTW NL004968309B61 · mkbtechgids.nl

Sheet Dashboard
A1: NIS2 GAP-ANALYSE — Compliance Dashboard
A2: Automatisch berekend uit het tabblad Gap-Analyse · mkbtechgids.nl
B4: OVERZICHT
B5: Aantal vereisten beoordeeld | C5: =COUNTIF('Gap-Analyse'!$E$5:$E$36,"Afwezig")+COUNTIF('Gap-Analyse'!$E$5:$E$36,"In ontwikkeling")+COUNTIF('Gap-Analyse'!$E$5:$E$36,"Deels aanwezig")+COUNTIF('Gap-Analyse'!$E$5:$E$36,"Volledig aanwezig") -> 0
B6: Volledig aanwezig | C6: =COUNTIF('Gap-Analyse'!$E$5:$E$36,"Volledig aanwezig") -> 0
B7: Deels aanwezig | C7: =COUNTIF('Gap-Analyse'!$E$5:$E$36,"Deels aanwezig") -> 0
B8: In ontwikkeling | C8: =COUNTIF('Gap-Analyse'!$E$5:$E$36,"In ontwikkeling") -> 0
B9: Afwezig (= grootste gaps) | C9: =COUNTIF('Gap-Analyse'!$E$5:$E$36,"Afwezig") -> 0
B10: N.v.t. | C10: =COUNTIF('Gap-Analyse'!$E$5:$E$36,"N.v.t.") -> 0
B12: COMPLIANCE-SCORE
B13: NIS2-volwassenheid (%) — indicatief | C13: =IFERROR(SUM('Gap-Analyse'!$F$5:$F$36)/(3*(COUNTIF('Gap-Analyse'!$E$5:$E$36,"Afwezig")+COUNTIF('Gap-Analyse'!$E$5:$E$36,"In ontwikkeling")+COUNTIF('Gap-Analyse'!$E$5:$E$36,"Deels aanwezig")+COUNTIF('Gap-Analyse'!$E$5:$E$36,"Volledig aanwezig"))),0) -> 0 | D13: Indicatief gemiddelde over alle TOEPASSELIJKE vereisten (0=afwezig, 100%=volledig). "N.v.t." telt niet mee — motiveer elke N.v.t. in de bewijskolom. Dit percentage is de canonieke compliance-score voor de Boardrapportage.
B15: INTERPRETATIE
B16: 0–40% | C16: Onvoldoende — substantiële gaps. Start met de "Afwezig"-vereisten met prioriteit Hoog.
B17: 40–70% | C17: In ontwikkeling — fundament aanwezig, maar dossier nog niet auditklaar.
B18: 70–90% | C18: Gevorderd — richt u op effectiviteitsbeoordeling (f) en documentatie (M7/M8).
B19: 90–100% | C19: Auditklaar — borg via de jaarlijkse review (M8) en houd bewijs actueel.
B21: Disclaimer: zelfbeoordeling, geen juridisch advies of onafhankelijke audit. Indicatieve volwassenheid — geen formeel CMMI/ISO-maturiteitsmodel.
B22: MKBTechGids · NIS2 Compliance Toolkit · KVK 27348456 · BTW NL004968309B61 · mkbtechgids.nl

Sheet Gebruikswijzer
A1: NIS2 GAP-ANALYSE — Gebruikswijzer & Methodologie
A2: Instrument · Fase 1 Nulmeting · Art. 20–24 | C2: 23 vereisten · NIS2-richtlijn (EU) 2022/2555 · mkbtechgids.nl
A5: HOE GEBRUIKT U DEZE GAP-ANALYSE?
B6: Stap 1 | C6: Lees per vereiste de toelichting in kolom D. Beoordeel eerlijk wat er vandaag al is.
B7: Stap 2 | C7: Kies in kolom E (Huidige status) de best passende optie via de keuzelijst.
B8: Stap 3 | C8: De Volwassenheidsscore in kolom F wordt automatisch berekend (0–3).
B9: Stap 4 | C9: Zet in kolom G de Gap-prioriteit: begin met Hoog bij vereisten die "Afwezig" zijn.
B10: Stap 5 | C10: Leg per vereiste aantoonbaar bewijs, een eigenaar en een streefdatum vast (kolom H–J).
B11: Stap 6 | C11: Bekijk het tabblad Dashboard voor uw NIS2-volwassenheid (%) en interpretatie.
B12: Stap 7 | C12: Gebruik de Referentie-kolom om door te pakken in de juiste Module/Register van de toolkit.
B13: Stap 8 | C13: Herhaal de Gap-Analyse minimaal jaarlijks (M8) en bewaar elke versie als auditbewijs.
A15: STATUS-DEFINITIES (kolom E)
B16: Afwezig (0) | C16: Geen beleid, proces of techniek aanwezig voor deze vereiste.
B17: In ontwikkeling (1) | C17: Gestart maar nog niet operationeel of gedocumenteerd.
B18: Deels aanwezig (2) | C18: Aanwezig maar onvolledig, niet getest of niet aantoonbaar.
B19: Volledig aanwezig (3) | C19: Geïmplementeerd, gedocumenteerd én aantoonbaar. LET OP: alleen score 3 mét aantoonbaar bewijs in kolom H — zonder bewijs maximaal score 2.
B20: N.v.t. | C20: Niet van toepassing op uw organisatie. Motiveer elke N.v.t. in de bewijskolom; N.v.t. telt niet mee in het compliance-percentage.
A22: WANNEER GEBRUIK IK WAT?
B23: M1 — Zelfevaluatie | C23: VÓÓRAF: val ik onder NIS2? Bepaalt scope (essentieel/belangrijk) en sector.
B24: Deze Gap-Analyse | C24: NULMETING: hoe compliant ben ik t.o.v. álle vereisten? Levert de canonieke score.
B25: M2–M7 + Registers | C25: UITVOERING: dicht de gaps met concrete maatregelen, beleid en registers.
B26: M8 — Jaarlijkse Review | C26: HERIJKING: herhaal de Gap-Analyse jaarlijks; toon verbetering aan.
B27: Boardrapportage (PPTX) | C27: RAPPORTAGE: deze Gap-score + registers worden samengevat voor het bestuur.
A29: JURIDISCHE CONTEXT & DISCLAIMER
B30: Grondslag | C30: NIS2-richtlijn (EU) 2022/2555, in Nederland geïmplementeerd via de Cyberbeveiligingswet (Cbw). Artikelverwijzingen volgen de NIS2-richtlijn.
B31: Aard | C31: Indicatieve zelfbeoordeling — geen formeel CMMI/ISO-maturiteitsmodel.
B32: Disclaimer | C32: Dit instrument is een hulpmiddel en vormt GEEN juridisch advies of onafhankelijke (assurance-)audit. Raadpleeg bij twijfel een gekwalificeerd adviseur of de toezichthouder.
A35: MKBTechGids · NIS2 Compliance Toolkit · KVK 27348456 · BTW NL004968309B61 · mkbtechgids.nl
